{"stats":{"minecraft:killed":{"minecraft:wolf":1,"minecraft:husk":1,"minecraft:spider":3,"minecraft:creeper":1,"minecraft:skeleton":9,"minecraft:zombie":2},"minecraft:picked_up":{"minecraft:birch_log":1,"minecraft:cooked_beef":1,"minecraft:mushroom_stew":1,"minecraft:gunpowder":1,"minecraft:lapis_lazuli":84,"minecraft:bone":7,"minecraft:apple":1,"minecraft:bow":1,"minecraft:beef":1,"minecraft:light_weighted_pressure_plate":2,"minecraft:cobweb":1,"minecraft:chest":2,"minecraft:stick":1,"minecraft:porkchop":1,"minecraft:sand":1,"minecraft:cake":1,"minecraft:netherite_pickaxe":1,"minecraft:trapped_chest":1,"minecraft:goat_horn":2,"minecraft:arrow":8,"minecraft:rotten_flesh":2,"minecraft:bread":1},"minecraft:dropped":{"minecraft:netherite_pickaxe":1,"minecraft:compass":2,"minecraft:goat_horn":2,"minecraft:lapis_lazuli":84,"minecraft:deepslate_lapis_ore":1,"minecraft:red_stained_glass_pane":1,"minecraft:chest":1,"minecraft:lapis_ore":1,"minecraft:white_stained_glass_pane":1,"minecraft:sand":1,"minecraft:orange_stained_glass_pane":1,"minecraft:trapped_chest":1,"minecraft:pink_stained_glass_pane":1},"minecraft:mined":{"minecraft:chest":2,"minecraft:dead_bush":1,"minecraft:lapis_ore":9,"minecraft:trapped_chest":1,"minecraft:ice":1,"minecraft:deepslate_lapis_ore":2,"minecraft:grass":1},"minecraft:custom":{"minecraft:mob_kills":17,"minecraft:damage_dealt_resisted":88,"minecraft:leave_game":16,"minecraft:time_since_death":112504,"minecraft:time_since_rest":112533,"minecraft:sprint_one_cm":281216,"minecraft:damage_taken":1401,"minecraft:walk_one_cm":333943,"minecraft:trigger_trapped_chest":1,"minecraft:drop":17,"minecraft:damage_dealt":3527,"minecraft:interact_with_beacon":1,"minecraft:fly_one_cm":3708767,"minecraft:open_chest":11,"minecraft:crouch_one_cm":18786,"minecraft:play_time":367843,"minecraft:deaths":5,"minecraft:sneak_time":5108,"minecraft:jump":2687,"minecraft:walk_on_water_one_cm":1014,"minecraft:total_world_time":367843,"minecraft:fall_one_cm":53229},"minecraft:used":{"minecraft:diorite_stairs":1,"minecraft:dark_oak_stairs":15,"minecraft:stone_sword":1,"minecraft:snow_block":259,"minecraft:birch_planks":31,"minecraft:polished_andesite":8,"minecraft:netherite_chestplate":1,"minecraft:oak_planks":106,"minecraft:birch_wood":172,"minecraft:oak_sign":1,"minecraft:chest":3,"minecraft:white_terracotta":71,"minecraft:stone":1,"minecraft:golden_apple":4,"minecraft:rail":46,"minecraft:netherite_leggings":1,"minecraft:birch_sign":1,"minecraft:netherite_helmet":1,"minecraft:deepslate_lapis_ore":6,"minecraft:polished_diorite":3,"minecraft:creeper_spawn_egg":2,"minecraft:oak_log":29,"minecraft:brown_terracotta":10,"minecraft:dark_oak_planks":21,"minecraft:black_wool":79,"minecraft:cyan_terracotta":18,"minecraft:red_wool":28,"minecraft:light_gray_concrete":1,"minecraft:iron_block":1,"minecraft:brown_wool":23,"minecraft:green_wool":245,"minecraft:lapis_ore":7,"minecraft:detector_rail":3,"minecraft:red_terracotta":125,"minecraft:dark_oak_slab":149,"minecraft:bedrock":3,"minecraft:yellow_wool":4,"minecraft:golden_helmet":1,"minecraft:light_gray_wool":2,"minecraft:netherite_boots":1,"minecraft:diamond_chestplate":1,"minecraft:diamond_sword":61,"minecraft:goat_horn":3,"minecraft:andesite":1,"minecraft:netherite_pickaxe":11,"minecraft:smooth_stone_slab":21,"minecraft:gold_block":1,"minecraft:ice":1,"minecraft:trapped_chest":1,"minecraft:smooth_stone":3}},"DataVersion":3463}