{"stats":{"minecraft:dropped":{"minecraft:player_head":1},"minecraft:picked_up":{"minecraft:wheat_seeds":1,"minecraft:birch_wood":1,"minecraft:player_head":1},"minecraft:mined":{"minecraft:birch_wood":1},"minecraft:custom":{"minecraft:time_since_rest":76442,"minecraft:crouch_one_cm":3856,"minecraft:play_time":76442,"minecraft:sprint_one_cm":63787,"minecraft:open_enderchest":1,"minecraft:walk_one_cm":46608,"minecraft:sneak_time":1596,"minecraft:drop":1,"minecraft:jump":533,"minecraft:damage_dealt":65,"minecraft:leave_game":3,"minecraft:time_since_death":76442,"minecraft:total_world_time":76442,"minecraft:fall_one_cm":1312,"minecraft:fly_one_cm":2865846},"minecraft:used":{"minecraft:bedrock":17,"minecraft:brown_terracotta":2,"minecraft:brick_slab":4,"minecraft:polished_andesite":1,"minecraft:birch_wood":1,"minecraft:oak_sign":4,"minecraft:dark_oak_wood":13,"minecraft:chest":12,"minecraft:white_terracotta":1,"minecraft:coarse_dirt":2}},"DataVersion":3463}