{"stats":{"minecraft:custom":{"minecraft:jump":81,"minecraft:open_chest":2,"minecraft:time_since_rest":33712,"minecraft:deaths":2,"minecraft:damage_dealt":27,"minecraft:crouch_one_cm":282,"minecraft:play_time":66332,"minecraft:leave_game":3,"minecraft:sprint_one_cm":11195,"minecraft:damage_taken":710,"minecraft:time_since_death":33688,"minecraft:walk_one_cm":4560,"minecraft:sneak_time":96,"minecraft:total_world_time":66332,"minecraft:fall_one_cm":8241,"minecraft:fly_one_cm":160698},"minecraft:used":{"minecraft:yellow_wool":1}},"DataVersion":3463}