{"stats":{"minecraft:custom":{"minecraft:time_since_rest":92213,"minecraft:open_chest":12,"minecraft:crouch_one_cm":1841,"minecraft:open_enderchest":1,"minecraft:play_time":124833,"minecraft:sprint_one_cm":26995,"minecraft:deaths":2,"minecraft:damage_taken":710,"minecraft:walk_one_cm":15175,"minecraft:sneak_time":947,"minecraft:jump":178,"minecraft:damage_dealt":27,"minecraft:leave_game":8,"minecraft:time_since_death":92189,"minecraft:interact_with_beacon":1,"minecraft:total_world_time":124833,"minecraft:fall_one_cm":8719,"minecraft:fly_one_cm":473187},"minecraft:mined":{"minecraft:rail":2,"minecraft:iron_block":1,"minecraft:green_wool":1},"minecraft:picked_up":{"minecraft:iron_block":1,"minecraft:green_wool":1,"minecraft:lapis_lazuli":65,"minecraft:rail":2},"minecraft:used":{"minecraft:yellow_wool":1,"minecraft:glass":1,"minecraft:blue_terracotta":1,"minecraft:rail":2,"minecraft:iron_block":1,"minecraft:stone_pickaxe":1,"minecraft:prismarine":1,"minecraft:green_wool":1,"minecraft:lapis_ore":1,"minecraft:chest":11,"minecraft:stone":1,"minecraft:diamond_ore":3}},"DataVersion":3463}