{
  "minecraft:recipes/decorations/torch": {
    "criteria": {
      "has_stone_pickaxe": "2024-05-11 20:16:52 +0000"
    },
    "done": true
  },
  "minecraft:story/upgrade_tools": {
    "criteria": {
      "stone_pickaxe": "2024-05-11 20:16:52 +0000"
    },
    "done": true
  },
  "minecraft:recipes/decorations/crafting_table": {
    "criteria": {
      "unlock_right_away": "2024-05-11 20:16:52 +0000"
    },
    "done": true
  },
  "minecraft:adventure/adventuring_time": {
    "criteria": {
      "minecraft:old_growth_pine_taiga": "2024-05-11 20:16:58 +0000",
      "minecraft:taiga": "2024-05-11 20:16:52 +0000",
      "minecraft:windswept_hills": "2024-05-11 20:40:34 +0000",
      "minecraft:river": "2024-05-11 20:40:37 +0000",
      "minecraft:stony_shore": "2024-05-11 20:17:01 +0000",
      "minecraft:snowy_plains": "2024-05-11 20:59:11 +0000",
      "minecraft:forest": "2024-05-11 20:40:17 +0000",
      "minecraft:frozen_ocean": "2024-05-11 20:34:23 +0000",
      "minecraft:plains": "2024-05-11 20:42:40 +0000"
    },
    "done": false
  },
  "minecraft:recipes/decorations/painting": {
    "criteria": {
      "has_wool": "2024-05-11 21:12:40 +0000"
    },
    "done": true
  },
  "minecraft:recipes/decorations/yellow_banner": {
    "criteria": {
      "has_yellow_wool": "2024-05-11 21:12:40 +0000"
    },
    "done": true
  },
  "minecraft:recipes/decorations/yellow_bed": {
    "criteria": {
      "has_yellow_wool": "2024-05-11 21:12:40 +0000"
    },
    "done": true
  },
  "minecraft:recipes/decorations/yellow_carpet": {
    "criteria": {
      "has_yellow_wool": "2024-05-11 21:12:40 +0000"
    },
    "done": true
  },
  "DataVersion": 3463
}